{"count":1,"gauges":{},"self":8.5584264,"total":8.6481207,"children":{"AgentResetIfDone":{"count":392,"self":0.0039911,"total":0.0039911,"children":null},"AgentSendState":{"count":392,"self":0.0019947,"total":0.0039908,"children":{"CollectObservations":{"count":40,"self":0.0019961,"total":0.0019961,"children":null}}},"DecideAction":{"count":392,"self":0.0737336,"total":0.0737336,"children":null},"AcademyStep":{"count":392,"self":0.0019933999999999998,"total":0.0019933999999999998,"children":null},"AgentAct":{"count":392,"self":0.0039907,"total":0.0039907,"children":null}}}