{"count":1,"gauges":{},"self":15.2181248,"total":15.420763099999999,"children":{"AgentResetIfDone":{"count":754,"self":0.0048056999999999996,"total":0.0048056999999999996,"children":null},"AgentSendState":{"count":754,"self":0.0068896,"total":0.0068896,"children":{"CollectObservations":{"count":76,"self":0,"total":0,"children":null}}},"DecideAction":{"count":754,"self":0.1799994,"total":0.1799994,"children":null},"AcademyStep":{"count":754,"self":0.0029552999999999997,"total":0.0029552999999999997,"children":null},"AgentAct":{"count":754,"self":0.0069904999999999993,"total":0.0069904999999999993,"children":null}}}